"","longitude","latitude","name","values"
"1",-112.15536,35.94581,"GRAND CANYON NATIONAL PARK AP",1
"2",-109.38006,34.51838,"ST JOHNS INDUSTRIAL AIR PARK",0
"3",-112.8599,32.3698,"AJO",1
"4",-109.5394,36.1533,"CANYON DE CHELLY",0
"5",-111.73,35.27194,"FORT VALLEY",1
"6",-114.2908,34.1547,"PARKER",0
"7",-112.4322,34.5706,"PRESCOTT",2
"8",-109.4012,34.5181,"SAINT JOHNS",0
"9",-112.87947,35.33186,"SELIGMAN",2
"10",-110.0686,31.7119,"TOMBSTONE",2
"11",-112.1929,35.2413,"WILLIAMS",1
"12",-110.2541,31.3455,"CORONADO NATIONAL MEMORIAL",1
"13",-110.968,31.4554,"NOGALES 6 N",1
"14",-111.5436,31.483,"SASABE",1
"15",-110.76028,31.53923,"PATAGONIA PATON CENTER",1
"16",-111.31709,31.57669,"ARIVACA",3
"17",-109.6686,31.6016,"MC NEAL",1
"18",-109.2187,31.9352,"PARADISE",1
"19",-110.2403,31.8805,"BENSON 6 SE",1
"20",-112.8002,31.9555,"ORGAN PIPE CACTUS NM",1
"21",-111.3837,31.9793,"ANVIL RANCH",1
"22",-109.3572,32.0061,"CHIRICAHUA NATIONAL MONUMENT",1
"23",-110.7363,32.1794,"SAGUARO NATIONAL PARK",0
"24",-109.22691,32.29329,"SAN SIMON",1
"25",-109.8369,32.2553,"WILLCOX",1
"26",-110.75454,32.4487,"MT. LEMMON FIRE DEPT",1
"27",-110.62908,32.60135,"SAN MANUEL",1
"28",-111.71269,33.6009,"FOUNTAIN HILLS",0
"29",-114.61667,32.65,"YUMA MCAS",0
"30",-113.9191,32.7225,"TACNA 3 NE",1
"31",-109.63603,32.85654,"SAFFORD MUNICIPAL AP",1
"32",-114.3942,32.8356,"YUMA PROVING GROUND",0
"33",-111.7147,32.8875,"CASA GRANDE",0
"34",-111.5367,32.9947,"CASA GRANDE NATL MONUMENT",0
"35",-112.00365,33.4278,"PHOENIX AIRPORT",0
"36",-111.72121,33.46588,"MESA FALCON FIELD",1
"37",-112.2433,33.4519,"TOLLESON 1 E",0
"38",-111.44474,33.55392,"MORMON FLAT",0
"39",-111.53658,33.559,"STEWART MOUNTAIN DAM",1
"40",-112.30067,33.59434,"YOUNGTOWN",0
"41",-111.92317,33.61234,"SCOTTSDALE MUNICIPAL AP",0
"42",-112.06616,33.69021,"PHOENIX DEER VALLEY MUNICIPAL AP",0
"43",-111.6497,33.8097,"BARTLETT DAM",0
"44",-111.9019,33.8161,"CAREFREE",0
"45",-109.1469,33.8492,"ALPINE",1
"46",-109.563,33.9733,"SUNRISE MOUNTAIN",1
"47",-110.9659,34.1003,"PLEASANT VALLEY",0
"48",-109.275,34.1311,"SPRINGERVILLE",1
"49",-111.3446,34.2326,"PAYSON",1
"50",-111.4532,34.322,"NATURAL BRIDGE",1
"51",-112.5619,34.3117,"WALNUT GROVE",0
"52",-110.558,34.3925,"HEBER (BLACK MESA) RANGER STATION",1
"53",-112.42234,34.64915,"PRESCOTT LOVE FIELD",2
"54",-113.1745,34.5975,"BAGDAD",0
"55",-111.1922,34.6108,"BLUE RIDGE RANGER STATION",1
"56",-113.6124,34.7055,"WIKIEUP",0
"57",-112.11152,34.7538,"JEROME",0
"58",-110.72206,35.02795,"WINSLOW AIRPORT",0
"59",-109.77994,35.06754,"PAINTED DESERT NATIONAL PARK",0
"60",-111.66637,35.14427,"FLAGSTAFF AP",1
"61",-114.5686,35.1411,"BULLHEAD CITY",0
"62",-111.5097,35.1721,"WALNUT CANYON NATIONAL MONUMENT",1
"63",-111.5436,35.3694,"SUNSET CRATER NATIONAL MONUMENT",1
"64",-111.37181,35.51974,"WUPATKI NM",1
"65",-112.0947,36.1066,"PHANTOM RANCH",0
"66",-112.0619,36.2147,"BRIGHT ANGEL RANGER STATION",2
"67",-110.5411,36.6778,"BETATAKIN",0
"68",-112.7374,36.8626,"PIPE SPRING NATIONAL MONUMENT",0
"69",-109.09,36.9233,"TEEC NOS POS",0
"70",-111.44874,36.92112,"PAGE MUNICIPAL AP",0
"71",-110.28073,31.53699,"SIERRA VISTA",1
"72",-111.4813,33.4625,"APACHE JUNCTION 5 NE",1
"73",-114.3604,34.5031,"LAKE HAVASU CITY",0
"74",-111.4017,32.6463,"PICACHO 8 SE",1
"75",-110.9977,31.893,"GREEN VALLEY",2
"76",-110.7247,32.1263,"VAIL 7 N",3
"77",-109.06028,35.65708,"WINDOW ROCK AIRPORT",0
"78",-110.84655,31.42076,"NOGALES INTL AP",2
"79",-109.6061,31.4583,"DOUGLAS (BISBEE) INTL AP",2
"80",-113.93405,35.25745,"KINGMAN AIRPORT",1
"81",-111.92168,33.42544,"TEMPE ASU",0
"82",-110.0075,34.2639,"SHOW LOW AIRPORT",2
"83",-110.95638,32.13153,"TUCSON INTERNATIONAL AIRPORT",2
"84",-111.9697,33.57808,"PARADISE VALLEY 2.8 NNW",1
"85",-111.63171,33.44236,"MESA 11.0 E",0
"86",-111.85761,33.63351,"SCOTTSDALE 9.4 NNE",0
"87",-111.74325,33.58733,"FOUNTAIN HILLS 2.5 SW",1
"88",-111.766,33.294,"GILBERT 4.0 SSE",0
"89",-111.95031,33.37071,"TEMPE 4.0 SW",0
"90",-112.06042,33.55098,"PHOENIX 7.7 N",1
"91",-111.74901,33.22036,"GILBERT 9.1 SSE",0
"92",-111.0271,32.2513,"TUCSON 6.6 WNW",1
"93",-111.00459,32.24641,"TUCSON 5.3 WNW",1
"94",-110.66393,31.88172,"VAIL 8.6 SSE",2
"95",-111.0515,32.3585,"TUCSON 12.3 NW",1
"96",-110.76742,32.2205,"TUCSON 8.9 E",2
"97",-110.88288,32.13245,"TUCSON 6.4 SSE",2
"98",-111.8221,35.2302,"BELLEMONT WFO",1
"99",-111.8605,33.7275,"PINNACLE PEAK",0
"100",-111.6444,33.4191,"EAST MESA",1
"101",-111.1696,32.2395,"TUCSON 11 W",1
"102",-110.5087,31.5907,"ELGIN 5 S",2
"103",-110.42809,31.60563,"FT HUACHUCA PIONEER AIRFIELD",1
"104",-110.9302,32.4177,"CATALINA STATE PARK",3
"105",-110.3552,31.8352,"KARTCHNER CAVERNS",3
"106",-114.1884,32.835,"YUMA 27 ENE",0
"107",-112.3374,35.7552,"WILLIAMS 35 NNW",0
"108",-110.9808,32.3391,"TOHONO CHUL",2
"109",-110.78933,33.39025,"GLOBE #3",1
"110",-111.63135,32.81135,"ROBSON RANCH",1
"111",-110.31633,31.56396,"SIERRA VISTA 0.4 ESE",2
"112",-109.2276,32.22792,"SAN SIMON 2.6 S",1
"113",-110.23955,31.50235,"SIERRA VISTA 4.8 SE",1
"114",-110.2502,31.49399,"SIERRA VISTA 4.9 SE",1
"115",-110.2776,31.54899,"SIERRA VISTA 1.3 E",0
"116",-110.3806,31.68673,"WHETSTONE 2.6 SW",2
"117",-110.22668,31.46605,"SIERRA VISTA 7.2 SE",2
"118",-110.23858,31.42333,"HEREFORD 8.4 W",1
"119",-112.19505,35.2432,"WILLIAMS 0.4 SW",0
"120",-111.5874,35.19263,"FLAGSTAFF 3.5 E",0
"121",-111.2922,34.31806,"PAYSON 6.3 NNE",1
"122",-114.27194,35.23276,"GOLDEN VALLEY 2.6 WNW",0
"123",-111.74321,33.42673,"MESA 0.6 NNW",1
"124",-111.84146,33.70997,"SCOTTSDALE 2.3 NE",0
"125",-111.97744,33.78596,"CAVE CREEK 2.9 SSW",0
"126",-111.75,33.63509,"FOUNTAIN HILLS 2.1 NNW",0
"127",-112.37099,33.66476,"SUN CITY WEST 1.0 W",0
"128",-111.93033,33.34043,"TEMPE 3.3 S",0
"129",-112.14368,33.39248,"PHOENIX 5.6 SW",0
"130",-112.33987,33.5041,"LITCHFIELD PARK 1.1 E",0
"131",-112.44805,33.65456,"SURPRISE 1.3 ESE",0
"132",-111.90457,33.75664,"SCOTTSDALE 5.3 NNW",0
"133",-112.19566,33.53393,"GLENDALE 3.5 S",1
"134",-111.97962,33.52148,"PHOENIX 7.4 NE",1
"135",-111.9395,33.47411,"SCOTTSDALE 7.8 SSW",0
"136",-112.01322,33.57201,"PHOENIX 9.2 NE",1
"137",-111.75008,33.39778,"MESA 1.5 SSW",1
"138",-112.29032,33.63214,"SUN CITY 1.2 NNW",0
"139",-111.91383,33.57767,"SCOTTSDALE 0.9 SW",0
"140",-112.14971,33.33644,"LAVEEN 3.0 SE",0
"141",-111.77561,33.22128,"CHANDLER 6.6 SE",0
"142",-112.44852,33.4066,"GOODYEAR 5.9 WSW",0
"143",-112.06871,33.5204,"PHOENIX 5.6 N",1
"144",-111.91818,33.45136,"SCOTTSDALE 3.7 SSW",0
"145",-111.72036,33.36713,"GILBERT 3.6 ENE",1
"146",-112.05905,33.6258,"PHOENIX 12.8 N",0
"147",-111.847,33.754,"SCOTTSDALE 17.7 N",0
"148",-112.40043,33.43488,"GOODYEAR 2.9 W",0
"149",-111.86224,33.36797,"MESA 4.3 SW",0
"150",-111.98721,33.64677,"SCOTTSDALE 11.6 NNW",0
"151",-111.91647,33.4045,"TEMPE 1.0 WSW",0
"152",-111.801,33.229,"CHANDLER 5.4 SSE",0
"153",-111.812,33.372,"GILBERT 2.4 NW",0
"154",-112.19035,33.7375,"SURPRISE 10.9 NE",0
"155",-112.17207,33.70619,"GLENDALE 12.2 N",0
"156",-112.0888,33.29383,"PHOENIX 10.2 S",0
"157",-109.90031,34.11093,"PINETOP-LAKESIDE 4.0 ESE",1
"158",-110.12655,34.28246,"SHOW LOW 6.5 WNW",0
"159",-110.98025,32.34774,"TUCSON 11.7 NNW",1
"160",-110.93313,32.25993,"TUCSON 5.0 NNW",1
"161",-111.27489,32.02549,"THREE POINTS 2.9 S",2
"162",-110.76299,31.95253,"CORONA DE TUSCON 0.4 SE",2
"163",-110.88253,32.21681,"TUCSON 1.5 NNE",2
"164",-110.79485,32.28709,"TUCSON 8.5 NE",1
"165",-111.03819,32.13887,"TUCSON 8.9 SW",1
"166",-111.031,32.318,"FLOWING WELLS 2.1 NW",2
"167",-111.03789,32.38266,"FLOWING WELLS 6.4 NNW",0
"168",-111.07516,32.30209,"FLOWING WELLS 3.9 W",2
"169",-110.90748,32.25357,"TUCSON 4.1 NNW",2
"170",-110.92899,32.21442,"TUCSON 2.5 WNW",1
"171",-110.9475,32.4177,"ORO VALLEY 1.1 ESE",2
"172",-110.7845,32.27544,"TUCSON 8.3 NE",1
"173",-110.79839,32.22607,"TUCSON 5.8 ENE",1
"174",-110.76909,32.20088,"TUCSON 8.9 E",2
"175",-110.98187,32.39334,"ORO VALLEY 1.3 W",1
"176",-110.9648,32.2403,"TUCSON 3.0 WNW",1
"177",-110.99611,32.3025,"TUCSON 7.2 NW",1
"178",-111.20408,32.34265,"TUCSON 18.6 WNW",1
"179",-110.9303,32.2785,"TUCSON 4.1 N",2
"180",-110.76738,32.13904,"TUCSON 10.5 ESE",3
"181",-110.99411,31.92019,"SAHUARITA 3.3 SW",1
"182",-110.79362,32.11692,"TUCSON 10.3 SE",0
"183",-110.8893,32.23187,"TUCSON 2.0 ENE",2
"184",-110.96886,32.28287,"TUCSON 5.2 NNW",1
"185",-110.80273,32.29183,"TUCSON 8.5 NE",1
"186",-111.02957,32.27092,"TUCSON 7.3 WNW",2
"187",-110.95796,32.47452,"ORO VALLEY 5.8 N",1
"188",-110.98953,32.45603,"ORO VALLEY 4.9 NNW",0
"189",-110.97578,32.41663,"ORO VALLEY 2.1 NNW",1
"190",-110.9872,32.4289,"ORO VALLEY 3.1 NNW",1
"191",-110.72327,32.25432,"TUCSON 11.7 ENE",1
"192",-110.8363,32.2163,"TUCSON 4.9 E",1
"193",-110.74375,32.30301,"TUCSON 11.8 ENE",2
"194",-110.93631,32.23178,"TUCSON 1.3 NW",2
"195",-110.9672,32.2806,"TUCSON 5.0 NNW",2
"196",-111.0015,32.4178,"ORO VALLEY 3.1 NW",0
"197",-110.67197,32.25455,"TUCSON 14.7 E",1
"198",-111.00034,32.35312,"TUCSON 10.3 NNW",2
"199",-110.97329,32.44635,"ORO VALLEY 4.0 NNW",1
"200",-110.9461,31.8942,"GREEN VALLEY 3.9 NE",2
"201",-110.9656,32.39321,"ORO VALLEY 0.4 NW",1
"202",-111.46983,33.36286,"APACHE JUNCTION 5.3 ESE",1
"203",-111.48793,33.38425,"APACHE JUNCTION 3.5 ESE",1
"204",-111.58065,33.39605,"APACHE JUNCTION 2.5 WSW",0
"205",-111.5425,33.4563,"APACHE JUNCTION 3.2 N",1
"206",-110.8593,32.53038,"SADDLEBROOKE 1.5 ESE",2
"207",-111.78407,32.96032,"CASA GRANDE 6.5 NNW",0
"208",-111.49277,33.39157,"APACHE JUNCTION 3.0 ESE",1
"209",-111.08761,31.58832,"TUBAC 2.9 SW",1
"210",-112.3043,34.6016,"PRESCOTT VALLEY 1.1 ESE",2
"211",-112.19912,34.28256,"MAYER 8.5 SSE",1
"212",-112.5315,35.16524,"ASH FORK 4.9 SW",1
"213",-112.02375,34.72314,"COTTONWOOD 1.4 WSW",1
"214",-111.90003,34.79728,"SEDONA 9.0 WSW",0
"215",-110.16542,31.44185,"HEREFORD 4.0 W",1
"216",-110.33227,31.6769,"HUACHUCA CITY 3.4 N",1
"217",-111.53432,35.26173,"FLAGSTAFF 8.2 NE",0
"218",-111.93058,33.33903,"TEMPE 5.2 SSW",0
"219",-112.13701,33.85501,"CAREFREE 13.2 W",0
"220",-112.09452,33.35035,"PHOENIX 6.3 SSW",0
"221",-111.06967,32.14307,"TUCSON 10.2 WSW",1
"222",-111.11798,32.37066,"TUCSON 15.5 NW",1
"223",-110.82,32.2483,"TUCSON 6.2 ENE",2
"224",-110.78942,32.60584,"ORACLE 1.1 WSW",1
"225",-110.90229,32.5187,"SADDLEBROOKE 1.5 SW",2
"226",-112.45172,34.8559,"PAULDEN 2.3 SSE",1
"227",-111.8304,36.0353,"GRAND CANYON EAST ENTRANCE",1
"228",-112.08258,33.93223,"NEW RIVER 3.2 ENE",0
"229",-110.98015,32.39846,"ORO VALLEY 2.0 SSW",1
"230",-110.99123,32.39244,"ORO VALLEY 1.8 W",1
"231",-111.07695,32.2988,"TUCSON 10.7 WNW",2
"232",-112.37636,34.54342,"PRESCOTT 4.8 E",2
"233",-112.10943,36.05931,"GRAND CANYON VISITOR CENTER",0
"234",-110.9462,31.88837,"GREEN VALLEY 3.7 NE",2
"235",-112.4623,34.6062,"PRESCOTT 4.6 N",2
"236",-112.16373,33.57166,"GLENDALE 3.0 NNE",1
"237",-111.59992,33.34761,"MESA 13.6 ESE",0
"238",-111.99932,33.49122,"PHOENIX 5.4 NE",0
"239",-110.76831,32.28244,"TUCSON 9.9 ENE",1
"240",-109.5,33.98,"BALDY",1
"241",-109.46,33.92,"MAVERICK FORK",2
"242",-109.22,33.69,"BEAVER HEAD",2
"243",-109.15,33.8,"CORONADO TRAIL",3
"244",-109.31,33.65,"HANNAGAN MEADOWS",0
"245",-109.48,33.76,"WILDCAT",1
"246",-110.75,34.31,"HEBER",1
"247",-110.92,33.81,"WORKMAN CREEK",1
"248",-111.65,35.34,"SNOWSLIDE CANYON",2
"249",-111.84,35.07,"FRY",1
"250",-111.52,34.94,"MORMON MOUNTAIN",0
"251",-111.41,34.75,"HAPPY JACK",2
"252",-111.41,34.46,"BAKER BUTTE",2
"253",-111.01,34.37,"PROMONTORY",2
"254",-112.15,35.14,"WHITE HORSE LAKE",2
"255",-110.82274,32.26249,"TUCSON 6.4 ENE",2
"256",-109.52262,31.34113,"DOUGLAS 1.0 E",1
"257",-110.88414,32.48921,"CATALINA 2.5 ESE",2
"258",-111.59274,35.19382,"FLAGSTAFF 3.2 E",0
"259",-111.74168,33.44122,"MESA 4.7 ENE",1
"260",-112.14254,33.54864,"GLENDALE 2.5 ENE",1
"261",-111.03852,32.32204,"TUCSON 9.9 NW",1
"262",-110.78238,32.20471,"TUCSON 8.1 E",2
"263",-110.90464,32.22585,"TUCSON 1.0 ENE",2
"264",-111.99776,33.29662,"PHOENIX 10.8 SSE",0
"265",-111.77306,33.59191,"SCOTTSDALE 9.3 NE",1
"266",-111.05001,32.17105,"TUCSON 8.3 WSW",2
"267",-111.06799,32.30096,"TUCSON 10.3 WNW",1
"268",-110.82132,32.22624,"TUCSON 5.8 E",1
"269",-111.33305,32.4025,"MARANA 6.9 WSW",1
"270",-110.28038,31.52999,"SIERRA VISTA 1.8 SE",0
"271",-111.0396,31.437,"RIO RICO 4.4 WSW",3
"272",-112.34105,34.65743,"PRESCOTT VALLEY 3.7 NNW",1
"273",-111.00955,32.24226,"TUCSON 5.5 WNW",2
"274",-111.92173,33.39766,"TEMPE 1.5 SW",0
"275",-112.32403,33.58776,"EL MIRAGE 1.6 S",0
"276",-112.45887,33.51269,"LITCHFIELD PARK 6.5 WNW",0
"277",-110.1668,34.4969,"SNOWFLAKE 5.6 W",0
"278",-110.47139,31.55517,"SIERRA VISTA 10.1 W",2
"279",-112.60787,34.43489,"PRESCOTT 11.1 SW",0
"280",-111.91855,34.70633,"CORNVILLE 0.8 SSE",1
"281",-109.553,31.3379,"DOUGLAS 0.8 W",1
"282",-111.35059,34.24529,"PAYSON 2.0 WNW",0
"283",-112.0797,33.4761,"PHOENIX 2.6 NNW",0
"284",-111.75095,33.60271,"FOUNTAIN HILLS 2.4 WSW",1
"285",-110.84493,32.25549,"TUCSON 5.0 ENE",2
"286",-110.88284,32.53722,"SADDLEBROOKE 0.1 N",2
"287",-109.06,36.33,"BEAVER SPRING",0
"288",-109.16,33.9,"NUTRIOSO",0
"289",-111.74,35.27,"FORT VALLEY",1
"290",-111.51,34.97,"MORMON MTN SUMMIT",2
"291",-111.61,34.86,"BAR M",1
"292",-112.06,35.26,"CHALENDER",0
"293",-110.34832,31.95506,"BENSON 3.4 W",1
"294",-110.06591,34.43418,"TAYLOR 2.3 SE",0
"295",-111.01632,32.35128,"TUCSON 10.7 NNW",1
"296",-111.10154,32.34734,"TUCSON 13.8 NW",2
"297",-112.5278,34.7741,"CHINO VALLEY 4.7 WNW",0
"298",-110.97388,32.44762,"ORO VALLEY 4.1 NNW",1
"299",-111.93181,33.3949,"TEMPE 2.1 WSW",0
"300",-111.00981,31.86825,"GREEN VALLEY 1.2 W",2
"301",-111.68045,35.17385,"FLAGSTAFF 2.1 WSW",0
"302",-112.45359,33.57627,"WADDELL 0.2 W",0
"303",-112.41551,34.53406,"PRESCOTT 2.6 E",0
"304",-112.50264,34.51805,"PRESCOTT 2.9 WSW",2
"305",-111.62891,33.40252,"MESA 11.1 E",0
"306",-112.3523,34.60432,"PRESCOTT VALLEY 2.4 W",2
"307",-111.6763,35.1848,"FLAGSTAFF 1.5 WSW",0
"308",-111.4501,36.91254,"PAGE 0.2 N",0
"309",-112.48475,34.77481,"CHINO VALLEY 2.6 NW",0
"310",-112.47139,34.53401,"PRESCOTT 0.8 WSW",2
"311",-111.45333,35.2242,"FLAGSTAFF 11.4 ENE",0
"312",-111.84201,33.20467,"SUN LAKES 2.2 ESE",0
"313",-111.68373,35.16278,"FLAGSTAFF 2.7 SW",0
"314",-112.44352,34.62611,"PRESCOTT 6.0 N",1
"315",-112.51232,34.52453,"PRESCOTT 3.2 WSW",2
"316",-112.51605,34.58199,"PRESCOTT 3.9 NW",2
"317",-112.33086,34.66479,"PRESCOTT VALLEY 4.0 NNW",1
"318",-109.96927,34.15887,"PINETOP-LAKESIDE 1.4 NNW",1
"319",-112.01205,34.69985,"COTTONWOOD 2.2 SSW",0
"320",-111.59155,35.22401,"FLAGSTAFF 4.1 NE",0
"321",-110.76953,32.15725,"TUCSON 9.8 ESE",3
"322",-111.48835,35.26462,"FLAGSTAFF 10.5 ENE",0
"323",-112.64474,34.73592,"PRESCOTT 17.1 NW",1
"324",-112.50248,34.59122,"PRESCOTT 4.3 NW",1
"325",-110.96876,32.38429,"ORO VALLEY 0.6 SW",1
"326",-113.68124,35.03402,"KINGMAN 23.2 ESE",0
"327",-112.4746,34.59254,"PRESCOTT 3.7 NNW",1
"328",-112.50244,34.59626,"PRESCOTT 4.6 NNW",2
"329",-110.529,34.397,"OVERGAARD 1.4 ENE",1
"330",-110.73528,32.22785,"TUCSON 10.8 E",1
"331",-110.69799,32.3859,"MT. LEMMON WILLOW CANYON",1
"332",-111.7631,34.8551,"SEDONA 0.4 SSW",0
"333",-114.07253,35.94592,"MEADVIEW 3.8 S",0
"334",-111.12601,32.16555,"TUCSON 12.6 WSW",2
"335",-111.12987,32.12971,"VALENCIA WEST 1.1 E",2
"336",-112.11635,33.86407,"ANTHEM 0.9 NE",0
"337",-111.70984,33.2547,"GILBERT 7.7 SSE",0
"338",-110.91718,32.47762,"CATALINA 1.6 S",1
"339",-111.93105,33.56355,"PARADISE VALLEY 2.4 NNE",1
"340",-111.895,33.38493,"TEMPE 1.8 S",0
"341",-111.00908,31.87522,"GREEN VALLEY 1.5 NW",1
"342",-112.40998,33.64203,"SURPRISE 4.7 W",0
"343",-111.12705,32.18291,"SOUTH TUCSON 9.8 W",1
"344",-110.68967,31.97355,"VAIL 2.0 SSE",0
"345",-111.69302,33.27337,"GILBERT 7.3 SE",1
"346",-111.7595,33.3447,"GILBERT 1.2 ESE",1
"347",-111.52751,35.24726,"FLAGSTAFF 8.0 ENE",0
"348",-110.936,32.46341,"ORO VALLEY 5.3 NNE",2
"349",-111.6173,35.22343,"FLAGSTAFF 3.0 NE",0
"350",-111.71133,33.30046,"GILBERT 5.2 SE",0
"351",-110.80134,32.24152,"TUCSON 7.1 ENE",2
"352",-110.22271,31.89863,"ST. DAVID 0.6 SW",1
"353",-109.09806,31.80126,"PORTAL 8.2 SSE",0
"354",-111.79557,33.24931,"CHANDLER 4.3 SE",0
"355",-111.2866,33.29818,"QUEEN VALLEY 0.2 E",1
"356",-111.69463,33.48731,"MESA 8.6 ENE",1
"357",-111.77532,33.33939,"GILBERT 0.8 SSE",0
"358",-112.42534,33.6542,"SURPRISE 5.7 WNW",0
"359",-111.46706,35.2177,"FLAGSTAFF 10.5 E",0
"360",-110.01309,34.18959,"SHOW LOW 4.2 S",0
"361",-112.04965,33.62962,"PHOENIX 13.2 N",0
"362",-110.99238,33.34137,"MIAMI 8.3 WSW",0
"363",-110.9873,34.0964,"YOUNG 1.4 WSW",1
"364",-110.25197,31.49366,"SIERRA VISTA 4.8 SE",1
"365",-112.11786,34.31544,"CORDES LAKES 1.0 WNW",0
"366",-109.71042,32.68751,"SAFFORD 9.9 S",0
"367",-110.63935,31.66261,"SONOITA 1.5 SSE",1
"368",-112.22016,34.4958,"DEWEY-HUMBOLDT 2.6 SSE",2
"369",-110.64222,31.67028,"SONOITA 1.0 SE",1
"370",-112.35289,34.58877,"PRESCOTT VALLEY 2.8 WSW",3
"371",-112.33934,34.6344,"PRESCOTT VALLEY 2.4 NW",1
"372",-112.44239,34.58221,"PRESCOTT 3.1 NNE",1
"373",-112.48258,34.57027,"PRESCOTT 2.5 NNW",1
"374",-110.89038,32.24579,"TUCSON 2.5 NE",1
"375",-111.7604,33.3639,"GILBERT 1.5 NE",0
"376",-111.08479,32.30453,"TUCSON 11.3 WNW",2
"377",-111.25926,35.16644,"TWIN ARROWS",0
"378",-112.51054,34.50944,"PRESCOTT 3.6 SW",2
"379",-111.63362,35.20281,"FLAGSTAFF 1.3 NE",0
"380",-110.08434,34.49314,"SNOWFLAKE 1.4 SW",0
"381",-112.51218,34.65462,"PRESCOTT 8.5 NNW",1
"382",-110.05939,34.2457,"SHOW LOW 2.3 W",1
"383",-112.36305,33.48008,"GOODYEAR 3.5 NNW",0
"384",-109.2412,33.94175,"NUTRIOSO 1.9 WSW",0
"385",-112.44182,34.58157,"PRESCOTT 3.1 NNE",0
"386",-112.37403,34.57178,"PRESCOTT 5.4 ENE",2
"387",-114.31763,34.45591,"LAKE HAVASU CITY 2.0 S",0
"388",-111.57425,33.17884,"QUEEN CREEK 5.3 SE",1
"389",-110.96791,32.46199,"ORO VALLEY 5.0 N",1
"390",-111.09811,32.30685,"TUCSON 12.0 WNW",2
"391",-110.88622,32.52596,"SADDLEBROOKE 0.7 S",2
"392",-114.26617,35.61259,"DOLAN SPRINGS 1.4 NNE",0
"393",-112.60268,33.87243,"MORRISTOWN 1.5 NE",0
"394",-111.02046,32.37575,"TUCSON 12.3 NNW",1
"395",-111.84586,33.59239,"SCOTTSDALE 6.9 NNE",0
"396",-111.8778,34.5997,"CAMP VERDE 3.2 NNW",1
"397",-112.32785,34.61243,"PRESCOTT VALLEY 1.0 W",3
"398",-111.57913,35.18356,"FLAGSTAFF 4.0 E",0
"399",-112.2241,34.51402,"DEWEY-HUMBOLDT 1.4 SE",0
"400",-110.85827,32.27229,"TUCSON 5.1 NE",2
"401",-110.788,32.16759,"TUCSON 8.5 ESE",2
"402",-111.11534,31.98712,"SAHUARITA 10.0 WNW",1
"403",-111.0709,32.2841,"TUCSON 9.9 WNW",2
"404",-110.71552,31.98556,"VAIL 1.4 SW",0
"405",-112.81546,33.39289,"BUCKEYE 13.7 W",0
"406",-112.5708,34.55555,"PRESCOTT 6.4 W",2
"407",-112.50303,34.58114,"PRESCOTT 3.8 NW",2
"408",-110.12961,31.43701,"HEREFORD 1.9 WSW",1
"409",-112.09439,33.29524,"PHOENIX 10.1 S",0
"410",-112.49797,34.55205,"PRESCOTT 2.3 WNW",2
"411",-112.07967,33.62325,"PHOENIX 12.7 N",0
"412",-112.53126,34.67861,"PRESCOTT 10.4 NNW",2
"413",-111.55414,35.30907,"FLAGSTAFF 9.8 NNE",0
"414",-111.97697,34.71122,"COTTONWOOD 1.8 SE",0
"415",-111.70779,35.24023,"FLAGSTAFF 4.8 NW",0
"416",-111.07826,32.44148,"MARANA 8.3 E",0
"417",-110.93158,31.8768,"GREEN VALLEY 3.9 ENE",1
"418",-111.9374,33.8503,"CAVE CREEK 1.6 NNE",0
"419",-110.89436,32.232,"TUCSON 1.7 ENE",2
"420",-112.44834,34.57652,"PRESCOTT 2.6 NNE",1
"421",-111.74481,33.60283,"FOUNTAIN HILLS 2.1 WSW",1
"422",-111.35433,34.2468,"PAYSON 2.3 WNW",0
"423",-110.9651,32.29325,"TUCSON 5.7 NNW",1
"424",-111.6164,35.22168,"FLAGSTAFF 2.9 NE",0
"425",-110.08682,34.25362,"SHOW LOW 3.8 W",0
"426",-111.1446,32.1282,"TUCSON 14.6 WSW",2
"427",-112.12555,33.65083,"PHOENIX 14.9 NNW",0
"428",-112.1888,34.6646,"PRESCOTT VALLEY 7.9 ENE",1
"429",-112.21644,33.60487,"PEORIA 1.9 NNE",0
"430",-112.09793,34.31538,"MAYER 9.7 SE",1
"431",-110.8319,32.2043,"TUCSON 5.3 ESE",2
"432",-110.072,31.75622,"TOMBSTONE 3.3 NNW",1
"433",-112.03745,33.63364,"PHOENIX 13.5 N",0
"434",-111.95786,33.77586,"CAVE CREEK 3.8 S",0
"435",-111.89299,33.38991,"TEMPE 1.4 SSE",0
"436",-110.92464,32.50675,"TUCSON 19.8 N",2
"437",-112.35688,33.66675,"SUN CITY WEST 1.0 WNW",0
"438",-110.65932,31.66459,"SONOITA 1.0 S",2
"439",-111.07567,32.45267,"MARANA 8.6 E",0
"440",-112.26384,33.61473,"SUN CITY 1.2 NNE",0
"441",-110.89598,32.31886,"TUCSON 7.0 NNE",1
"442",-112.2188,34.6828,"PRESCOTT VALLEY 7.2 NE",1
"443",-111.04286,31.50053,"RIO RICO 4.6 WNW",2
"444",-110.43093,34.96836,"JACK RABBIT",1
"445",-113.97761,35.22509,"KINGMAN 5.1 NE",0
"446",-110.26714,31.52687,"SIERRA VISTA 2.5 SE",1
"447",-110.83212,32.19684,"TUCSON 5.4 ESE",1
"448",-110.14613,31.44939,"HEREFORD 2.9 WNW",1
"449",-111.63932,35.19766,"FLAGSTAFF 0.8 NE",0
"450",-110.97337,32.277,"TUCSON 5.0 NW",1
"451",-111.92718,33.59402,"SCOTTSDALE 6.8 NNW",0
"452",-111.60201,33.59785,"FORT MCDOWELL 4.9 ESE",1
"453",-111.81314,33.32918,"GILBERT 2.4 SW",0
"454",-111.75293,33.58658,"FOUNTAIN HILLS 3.0 WSW",1
"455",-112.20207,33.64246,"GLENDALE 7.9 N",0
"456",-112.14829,34.5688,"DEWEY-HUMBOLDT 5.9 ENE",1
"457",-110.85616,32.23362,"TUCSON 3.8 ENE",2
"458",-110.78109,31.9423,"VAIL 6.2 SW",3
"459",-112.33944,34.66313,"PRESCOTT VALLEY 4.0 NNW",1
"460",-111.5851,33.20274,"QUEEN CREEK 3.7 SE",0
"461",-110.80272,32.28785,"TUCSON 8.3 NE",1
"462",-111.43531,33.34924,"GOLD CANYON 1.1 SE",1
"463",-111.99222,33.48796,"PHOENIX 5.6 NE",0
"464",-111.87712,33.34194,"CHANDLER 3.6 NW",0
"465",-114.45,32.5,"YUMA AUXILIARY AIRFIELD",0
"466",-112.4662,34.57442,"PRESCOTT 2.4 N",1
"467",-112.50099,34.66422,"PRESCOTT 8.9 NNW",1
"468",-112.50374,34.57927,"PRESCOTT 3.7 NW",2
"469",-112.5026,34.6342,"PRESCOTT 6.9 NNW",1
"470",-112.46186,34.57664,"PRESCOTT 2.5 N",1
"471",-109.2448,33.9471,"NUTRIOSO 2.1 W",0
"472",-111.1584,33.27989,"BOYCE THOMPSON ARBORETUM",0
"473",-112.56516,33.44769,"BUCKEYE 5N",0
"474",-112.5722,34.5529,"PRESCOTT 6.4 W",1
"475",-110.96522,32.23495,"TUCSON 2.8 WNW",2
"476",-112.00451,33.64744,"PHOENIX 14.8 NNE",0
"477",-111.50767,33.00689,"COOLIDGE 2.6 N",0
"478",-111.87793,33.20618,"SUN LAKES 0.9 SSW",0
"479",-110.99892,31.82722,"GREEN VALLEY 1.9 SSW",1
"480",-111.00899,31.84392,"GREEN VALLEY 1.2 SW",2
"481",-112.5522,33.42205,"BUCKEYE 3.9 NNE",0
"482",-110.27304,31.50916,"SIERRA VISTA 3.2 SSE",0
"483",-109.40315,34.40776,"ST JOHNS 3.5 SSW",0
"484",-110.80395,32.29806,"TUCSON 8.7 NE",1
"485",-110.87207,32.53638,"SADDLEBROOKE 0.7 ENE",2
"486",-110.78155,32.23293,"TUCSON 8.1 E",0
"487",-111.00205,31.4474,"RIO RICO 2.1 SW",1
"488",-111.13654,32.37722,"TUCSON 16.7 NW",0
"489",-112.18236,33.54959,"GLENDALE 1.4 N",1
"490",-112.15838,34.34465,"MAYER 5.7 SE",0
"491",-111.50091,32.3905,"AVRA VALLEY 11.2 WSW",1
"492",-112.41624,34.5339,"PRESCOTT 2.5 E",1
"493",-110.96529,32.24675,"TUCSON 3.2 NW",0
"494",-110.80736,32.24225,"TUCSON 6.8 ENE",2
"495",-112.32577,33.66501,"SUN CITY WEST 0.9 ENE",0
"496",-110.87884,33.39182,"MIAMI 1.1 W",0
"497",-110.99416,32.39028,"ORO VALLEY 2.0 W",1
"498",-112.0695,33.61485,"PHOENIX 12.1 N",0
"499",-109.06459,33.70534,"ALPINE 11.0 SSE",0
"500",-112.56517,33.44768,"BUCKEYE 5.4 N",0
"501",-110.26245,31.50986,"SIERRA VISTA 3.5 SE",1
"502",-111.29208,33.86507,"TONTO BASIN 1.5 NE",0
"503",-111.11536,32.12388,"TUCSON 13.2 WSW",2
"504",-112.51643,34.58273,"PRESCOTT 4.4 NW",1
"505",-111.93999,33.63627,"SCOTTSDALE 9.8 NNW",0
"506",-111.57845,33.43293,"APACHE JUNCTION 2.7 NW",1
"507",-110.87723,32.31559,"TUCSON 7.1 NNE",3
"508",-111.72933,35.3835,"FLAGSTAFF 14N",1
"509",-111.1542,32.38706,"MARANA 4.9 SE",0
"510",-110.34519,31.83297,"BENSON 9.4 SSW (MAINTENANCE)",2
"511",-110.9606,31.8562,"GREEN VALLEY 2.0 E",1
"512",-110.34899,31.8362,"BENSON 9.2 SSW (HUMMINGBIRD GARDEN)",3
"513",-111.22322,32.33681,"PICTURE ROCKS ESTATE 0.5 NNE",0
"514",-110.534,31.66677,"ELGIN 0.7 NW",3
"515",-109.55179,31.34465,"DOUGLAS 0.8 WNW",1
"516",-111.33823,34.24751,"PAYSON 1.6 NW",1
"517",-111.2363,32.26725,"TUCSON 18.8 W",0
"518",-111.04591,31.79634,"GREEN VALLEY 4.9 SW",2
"519",-112.50583,34.66,"PRESCOTT 8.7 NNW",1
"520",-110.80252,32.19841,"TUCSON 7.0 ESE",2
"521",-112.80555,34.03769,"WICKENBURG 7.3 NW",1
"522",-112.33372,34.63346,"PRESCOTT 9.7 NE",1
"523",-110.53938,34.41542,"OVERGAARD 1.8 NE",0
"524",-112.43378,34.54377,"PRESCOTT 1.5 E",0
"525",-111.01344,32.3325,"TUCSON 9.5 NW",1
"526",-111.11228,31.9906,"SAHUARITA 9.9 WNW",1
"527",-112.51281,34.63774,"PRESCOTT 7.4 NNW",1
"528",-111.72637,33.59657,"FOUNTAIN HILLS 1.3 SW",0
"529",-110.94197,32.24909,"TUCSON 2.4 NNW",2
"530",-110.79585,32.18299,"TUCSON 7.7 ESE",1
"531",-110.7625,32.2886,"TUCSON 10.4 ENE",1
"532",-112.48312,34.62035,"PRESCOTT 5.7 NNW",1
"533",-110.97106,31.83614,"GREEN VALLEY 1.9 SE",2
"534",-112.86829,32.37172,"AJO 0.4 W",2
"535",-111.96866,33.68857,"CAVE CREEK 9.8 S",0
"536",-112.09371,33.4865,"PHOENIX 3.5 NNW",0
"537",-109.87985,31.41152,"BISBEE 3.1 SE",2
"538",-112.06522,33.29472,"PHOENIX 10.0 S",0
"539",-110.6306,31.66854,"SONOITA 1.7 ESE",2
"540",-110.69885,35.03385,"WINSLOW 1.1 NNW",0
"541",-110.5091,35.55675,"Hopi-Tovar",1
"542",-111.01022,31.85687,"GREEN VALLEY 0.9 WNW",2
"543",-112.11847,33.80376,"CAVE CREEK 9.8 W",0
"544",-111.1179,32.349,"TUCSON 14.6 NW",2
"545",-110.9288,32.2734,"TUCSON 3.7 N",1
"546",-110.25023,31.50958,"SIERRA VISTA 4.0 SE",1
"547",-111.67064,32.74628,"ARIZONA CITY 0.7 S",0
"548",-111.28787,33.29613,"QUEEN VALLEY 0.2 SSW",1
"549",-111.03333,31.8029,"GREEN VALLEY 4.2 SW",1
"550",-112.34946,34.61827,"PRESCOTT VALLEY 2.3 WNW",2
"551",-111.06551,32.36565,"FLOWING WELLS 6.0 NNW",1
